INSERT INTO `tb__brand` (`BrandID`, `Name`, `Type`, `Image`) VALUES 
    ('1', 'Acer', '0', 'images/producer/acer.webp'),
    ('2', 'Asus', '0', 'images/producer/Asus.webp'),
    ('3', 'Dell', '0', 'images/producer/Dell.webp'),
    ('4', 'MacBook', '0', 'images/producer/macbook.webp'),
    ('5', 'HP', '0', 'images/producer/HP.webp'),
    ('6', 'Lenovo', '0', 'images/producer/Lenovo.webp'),
    ('7', 'Microsoft', '0', 'images/producer/Microsoft_surface.webp'),
    ('8', 'MSI', '0', 'images/producer/MSI.webp'),
    ('9', 'Gigabyte', '0', 'images/producer/MSI-1.webp'),
    ('10', 'Vario', '0', 'images/producer/vario.webp'),
    ('11', 'Apple', '1', 'images/producer/frame_59.webp'),
    ('12', 'Samsung', '1', 'images/producer/frame_60.webp'),
    ('13', 'Oppo', '1', 'images/producer/frame_62.webp'),
    ('14', 'Realme', '1', 'images/producer/frame_63.webp'),
    ('15', 'OnePlus', '1', 'images/producer/frame_65.webp'),
    ('16', 'Huawei', '1', 'images/producer/Huawei.webp'),
    ('17', 'Nokia', '1', 'images/producer/frame_37_1.webp'),
    ('18', 'Xiaomi', '1', 'images/producer/Xiaomi.webp');

INSERT INTO `tb__product` (`ProductID`, `Name`, `Status`, `Image`, `Price`, `VAT`, `Quantity`, `Warranty`, `Description`, `Type`, `Detail`, `BrandID`) VALUES 
    ('1', 'Apple MacBook Air M1 2020', '1', 'images/laptops/1/air_m2.webp', '19090000', NULL, '10', '12', 'Thiết kế dẫn đầu xu thế..Hiệu năng cân mọi tác vụ..Camera nâng cấp bắt trọn mọi khung hình..Giải trí trọn vẹn với màn hình siêu sắc nét', '0', 'Điện thoại thông minh đã trở thành không gian cá nhân di động, một phần không thể thiếu của cuộc sống hiện đại. Những thiết bị này không chỉ đơn thuần là phương tiện truyền thông, mà còn là trung tâm đa chức năng, kết hợp giữa điện thoại, máy tính, và máy ảnh trong một thiết kế nhỏ gọn. Với màn hình cảm ứng, khả năng kết nối Internet, và ứng dụng đa dạng, điện thoại thông minh không chỉ giúp duy trì liên lạc mà còn mang lại trải nghiệm giải trí, làm việc và học tập linh hoạt. Điều này làm cho chúng trở thành người bạn đồng hành đắc lực, thấu hiểu và đáp ứng mọi khía cạnh của cuộc sống hiện đại.', '4'),
    ('2', 'Apple Macbook Air M2 2022', '1', 'images/laptops/2/macbook_air_m22.webp', '26490000', NULL, '10', '12', 'Thiết kế dẫn đầu xu thế..Hiệu năng cân mọi tác vụ..Camera nâng cấp bắt trọn mọi khung hình..Giải trí trọn vẹn với màn hình siêu sắc nét', '0', 'Điện thoại thông minh đã trở thành không gian cá nhân di động, một phần không thể thiếu của cuộc sống hiện đại. Những thiết bị này không chỉ đơn thuần là phương tiện truyền thông, mà còn là trung tâm đa chức năng, kết hợp giữa điện thoại, máy tính, và máy ảnh trong một thiết kế nhỏ gọn. Với màn hình cảm ứng, khả năng kết nối Internet, và ứng dụng đa dạng, điện thoại thông minh không chỉ giúp duy trì liên lạc mà còn mang lại trải nghiệm giải trí, làm việc và học tập linh hoạt. Điều này làm cho chúng trở thành người bạn đồng hành đắc lực, thấu hiểu và đáp ứng mọi khía cạnh của cuộc sống hiện đại.', '4'),
    ('3', 'Macbook Air 15 inch M2 2023', '1', 'images/laptops/3/macbook_air_m2_8gb.webp', '30590000', NULL, '10', '12', 'Thiết kế dẫn đầu xu thế..Hiệu năng cân mọi tác vụ..Camera nâng cấp bắt trọn mọi khung hình..Giải trí trọn vẹn với màn hình siêu sắc nét', '0', 'Điện thoại thông minh đã trở thành không gian cá nhân di động, một phần không thể thiếu của cuộc sống hiện đại. Những thiết bị này không chỉ đơn thuần là phương tiện truyền thông, mà còn là trung tâm đa chức năng, kết hợp giữa điện thoại, máy tính, và máy ảnh trong một thiết kế nhỏ gọn. Với màn hình cảm ứng, khả năng kết nối Internet, và ứng dụng đa dạng, điện thoại thông minh không chỉ giúp duy trì liên lạc mà còn mang lại trải nghiệm giải trí, làm việc và học tập linh hoạt. Điều này làm cho chúng trở thành người bạn đồng hành đắc lực, thấu hiểu và đáp ứng mọi khía cạnh của cuộc sống hiện đại.', '4'),
    ('4', 'Macbook Pro 14 M1 Pro 2021', '1', 'images/laptops/4/mac_pro.webp', '43990000', NULL, '10', '12', 'Thiết kế dẫn đầu xu thế..Hiệu năng cân mọi tác vụ..Camera nâng cấp bắt trọn mọi khung hình..Giải trí trọn vẹn với màn hình siêu sắc nét', '0', 'Điện thoại thông minh đã trở thành không gian cá nhân di động, một phần không thể thiếu của cuộc sống hiện đại. Những thiết bị này không chỉ đơn thuần là phương tiện truyền thông, mà còn là trung tâm đa chức năng, kết hợp giữa điện thoại, máy tính, và máy ảnh trong một thiết kế nhỏ gọn. Với màn hình cảm ứng, khả năng kết nối Internet, và ứng dụng đa dạng, điện thoại thông minh không chỉ giúp duy trì liên lạc mà còn mang lại trải nghiệm giải trí, làm việc và học tập linh hoạt. Điều này làm cho chúng trở thành người bạn đồng hành đắc lực, thấu hiểu và đáp ứng mọi khía cạnh của cuộc sống hiện đại.', '4'),
    ('5', 'Acer Gaming Aspire 7', '1', 'images/laptops/5/macbook_air_m22.webp', '13990000', NULL, '10', '12', 'Thiết kế dẫn đầu xu thế..Hiệu năng cân mọi tác vụ..Camera nâng cấp bắt trọn mọi khung hình..Giải trí trọn vẹn với màn hình siêu sắc nét', '0', 'Điện thoại thông minh đã trở thành không gian cá nhân di động, một phần không thể thiếu của cuộc sống hiện đại. Những thiết bị này không chỉ đơn thuần là phương tiện truyền thông, mà còn là trung tâm đa chức năng, kết hợp giữa điện thoại, máy tính, và máy ảnh trong một thiết kế nhỏ gọn. Với màn hình cảm ứng, khả năng kết nối Internet, và ứng dụng đa dạng, điện thoại thông minh không chỉ giúp duy trì liên lạc mà còn mang lại trải nghiệm giải trí, làm việc và học tập linh hoạt. Điều này làm cho chúng trở thành người bạn đồng hành đắc lực, thấu hiểu và đáp ứng mọi khía cạnh của cuộc sống hiện đại.', '1'),
    ('6', 'Acer Swift X ', '1', 'images/laptops/6/air_m2.webp', '23990000', NULL, '10', '12', 'Thiết kế dẫn đầu xu thế..Hiệu năng cân mọi tác vụ..Camera nâng cấp bắt trọn mọi khung hình..Giải trí trọn vẹn với màn hình siêu sắc nét', '0', 'Điện thoại thông minh đã trở thành không gian cá nhân di động, một phần không thể thiếu của cuộc sống hiện đại. Những thiết bị này không chỉ đơn thuần là phương tiện truyền thông, mà còn là trung tâm đa chức năng, kết hợp giữa điện thoại, máy tính, và máy ảnh trong một thiết kế nhỏ gọn. Với màn hình cảm ứng, khả năng kết nối Internet, và ứng dụng đa dạng, điện thoại thông minh không chỉ giúp duy trì liên lạc mà còn mang lại trải nghiệm giải trí, làm việc và học tập linh hoạt. Điều này làm cho chúng trở thành người bạn đồng hành đắc lực, thấu hiểu và đáp ứng mọi khía cạnh của cuộc sống hiện đại.', '1'),
    ('7', 'Asus Rog Zenphyrus M16', '1', 'images/laptops/7/laptop-asus-rog-zephyrus.webp', '71990000', NULL, '10', '12', 'Thiết kế dẫn đầu xu thế..Hiệu năng cân mọi tác vụ..Camera nâng cấp bắt trọn mọi khung hình..Giải trí trọn vẹn với màn hình siêu sắc nét', '0', 'Điện thoại thông minh đã trở thành không gian cá nhân di động, một phần không thể thiếu của cuộc sống hiện đại. Những thiết bị này không chỉ đơn thuần là phương tiện truyền thông, mà còn là trung tâm đa chức năng, kết hợp giữa điện thoại, máy tính, và máy ảnh trong một thiết kế nhỏ gọn. Với màn hình cảm ứng, khả năng kết nối Internet, và ứng dụng đa dạng, điện thoại thông minh không chỉ giúp duy trì liên lạc mà còn mang lại trải nghiệm giải trí, làm việc và học tập linh hoạt. Điều này làm cho chúng trở thành người bạn đồng hành đắc lực, thấu hiểu và đáp ứng mọi khía cạnh của cuộc sống hiện đại.', '2'),
    ('8', 'Asus ROG Strix G18', '1', 'images/laptops/8/text_ng_n_15__3_18.webp', '63490000', NULL, '10', '12', 'Thiết kế dẫn đầu xu thế..Hiệu năng cân mọi tác vụ..Camera nâng cấp bắt trọn mọi khung hình..Giải trí trọn vẹn với màn hình siêu sắc nét', '0', 'Điện thoại thông minh đã trở thành không gian cá nhân di động, một phần không thể thiếu của cuộc sống hiện đại. Những thiết bị này không chỉ đơn thuần là phương tiện truyền thông, mà còn là trung tâm đa chức năng, kết hợp giữa điện thoại, máy tính, và máy ảnh trong một thiết kế nhỏ gọn. Với màn hình cảm ứng, khả năng kết nối Internet, và ứng dụng đa dạng, điện thoại thông minh không chỉ giúp duy trì liên lạc mà còn mang lại trải nghiệm giải trí, làm việc và học tập linh hoạt. Điều này làm cho chúng trở thành người bạn đồng hành đắc lực, thấu hiểu và đáp ứng mọi khía cạnh của cuộc sống hiện đại.', '2'),
    ('9', 'Dell Inspiron 14 Plus 7420', '1', 'images/laptops/9/text_ng_n_1__3_19.webp', '20990000', NULL, '10', '12', 'Thiết kế dẫn đầu xu thế..Hiệu năng cân mọi tác vụ..Camera nâng cấp bắt trọn mọi khung hình..Giải trí trọn vẹn với màn hình siêu sắc nét', '0', 'Điện thoại thông minh đã trở thành không gian cá nhân di động, một phần không thể thiếu của cuộc sống hiện đại. Những thiết bị này không chỉ đơn thuần là phương tiện truyền thông, mà còn là trung tâm đa chức năng, kết hợp giữa điện thoại, máy tính, và máy ảnh trong một thiết kế nhỏ gọn. Với màn hình cảm ứng, khả năng kết nối Internet, và ứng dụng đa dạng, điện thoại thông minh không chỉ giúp duy trì liên lạc mà còn mang lại trải nghiệm giải trí, làm việc và học tập linh hoạt. Điều này làm cho chúng trở thành người bạn đồng hành đắc lực, thấu hiểu và đáp ứng mọi khía cạnh của cuộc sống hiện đại.', '3'),
    ('10', 'Dell Latitude 3520', '1', 'images/laptops/10/dell_latitude_3520_70251592.webp', '15990000', NULL, '10', '12', 'Thiết kế dẫn đầu xu thế..Hiệu năng cân mọi tác vụ..Camera nâng cấp bắt trọn mọi khung hình..Giải trí trọn vẹn với màn hình siêu sắc nét', '0', 'Điện thoại thông minh đã trở thành không gian cá nhân di động, một phần không thể thiếu của cuộc sống hiện đại. Những thiết bị này không chỉ đơn thuần là phương tiện truyền thông, mà còn là trung tâm đa chức năng, kết hợp giữa điện thoại, máy tính, và máy ảnh trong một thiết kế nhỏ gọn. Với màn hình cảm ứng, khả năng kết nối Internet, và ứng dụng đa dạng, điện thoại thông minh không chỉ giúp duy trì liên lạc mà còn mang lại trải nghiệm giải trí, làm việc và học tập linh hoạt. Điều này làm cho chúng trở thành người bạn đồng hành đắc lực, thấu hiểu và đáp ứng mọi khía cạnh của cuộc sống hiện đại.', '3'),
    ('11', 'HP Pavilion X360', '1', 'images/laptops/11/text_ng_n_1__2_53.webp', '23990000', NULL, '10', '12', 'Thiết kế dẫn đầu xu thế..Hiệu năng cân mọi tác vụ..Camera nâng cấp bắt trọn mọi khung hình..Giải trí trọn vẹn với màn hình siêu sắc nét', '0', 'Điện thoại thông minh đã trở thành không gian cá nhân di động, một phần không thể thiếu của cuộc sống hiện đại. Những thiết bị này không chỉ đơn thuần là phương tiện truyền thông, mà còn là trung tâm đa chức năng, kết hợp giữa điện thoại, máy tính, và máy ảnh trong một thiết kế nhỏ gọn. Với màn hình cảm ứng, khả năng kết nối Internet, và ứng dụng đa dạng, điện thoại thông minh không chỉ giúp duy trì liên lạc mà còn mang lại trải nghiệm giải trí, làm việc và học tập linh hoạt. Điều này làm cho chúng trở thành người bạn đồng hành đắc lực, thấu hiểu và đáp ứng mọi khía cạnh của cuộc sống hiện đại.', '5'),
    ('12', 'HP Gaming Victus 15', '1', 'images/laptops/12/laptop-hp-gaming-victus-15-fa0031dx-6503849-6.webp', '16790000', NULL, '10', '12', 'Thiết kế dẫn đầu xu thế..Hiệu năng cân mọi tác vụ..Camera nâng cấp bắt trọn mọi khung hình..Giải trí trọn vẹn với màn hình siêu sắc nét', '0', 'Điện thoại thông minh đã trở thành không gian cá nhân di động, một phần không thể thiếu của cuộc sống hiện đại. Những thiết bị này không chỉ đơn thuần là phương tiện truyền thông, mà còn là trung tâm đa chức năng, kết hợp giữa điện thoại, máy tính, và máy ảnh trong một thiết kế nhỏ gọn. Với màn hình cảm ứng, khả năng kết nối Internet, và ứng dụng đa dạng, điện thoại thông minh không chỉ giúp duy trì liên lạc mà còn mang lại trải nghiệm giải trí, làm việc và học tập linh hoạt. Điều này làm cho chúng trở thành người bạn đồng hành đắc lực, thấu hiểu và đáp ứng mọi khía cạnh của cuộc sống hiện đại.', '5'),
    ('13', 'Lenovo Thinkpad P14S G2', '1', 'images/laptops/13/4h30.webp', '31990000', NULL, '10', '12', 'Thiết kế dẫn đầu xu thế..Hiệu năng cân mọi tác vụ..Camera nâng cấp bắt trọn mọi khung hình..Giải trí trọn vẹn với màn hình siêu sắc nét', '0', 'Điện thoại thông minh đã trở thành không gian cá nhân di động, một phần không thể thiếu của cuộc sống hiện đại. Những thiết bị này không chỉ đơn thuần là phương tiện truyền thông, mà còn là trung tâm đa chức năng, kết hợp giữa điện thoại, máy tính, và máy ảnh trong một thiết kế nhỏ gọn. Với màn hình cảm ứng, khả năng kết nối Internet, và ứng dụng đa dạng, điện thoại thông minh không chỉ giúp duy trì liên lạc mà còn mang lại trải nghiệm giải trí, làm việc và học tập linh hoạt. Điều này làm cho chúng trở thành người bạn đồng hành đắc lực, thấu hiểu và đáp ứng mọi khía cạnh của cuộc sống hiện đại.', '6'),
    ('14', 'Lenovo IdeaPad Gaming 3', '1', 'images/laptops/14/text_d_i_2_2.webp', '15990000', NULL, '10', '12', 'Thiết kế dẫn đầu xu thế..Hiệu năng cân mọi tác vụ..Camera nâng cấp bắt trọn mọi khung hình..Giải trí trọn vẹn với màn hình siêu sắc nét', '0', 'Điện thoại thông minh đã trở thành không gian cá nhân di động, một phần không thể thiếu của cuộc sống hiện đại. Những thiết bị này không chỉ đơn thuần là phương tiện truyền thông, mà còn là trung tâm đa chức năng, kết hợp giữa điện thoại, máy tính, và máy ảnh trong một thiết kế nhỏ gọn. Với màn hình cảm ứng, khả năng kết nối Internet, và ứng dụng đa dạng, điện thoại thông minh không chỉ giúp duy trì liên lạc mà còn mang lại trải nghiệm giải trí, làm việc và học tập linh hoạt. Điều này làm cho chúng trở thành người bạn đồng hành đắc lực, thấu hiểu và đáp ứng mọi khía cạnh của cuộc sống hiện đại.', '6'),
    ('15', 'Surface Pro 9 i7', '1', 'images/laptops/15/text_ng_n_1__2_10.webp', '40990000', NULL, '10', '12', 'Thiết kế dẫn đầu xu thế..Hiệu năng cân mọi tác vụ..Camera nâng cấp bắt trọn mọi khung hình..Giải trí trọn vẹn với màn hình siêu sắc nét', '0', 'Điện thoại thông minh đã trở thành không gian cá nhân di động, một phần không thể thiếu của cuộc sống hiện đại. Những thiết bị này không chỉ đơn thuần là phương tiện truyền thông, mà còn là trung tâm đa chức năng, kết hợp giữa điện thoại, máy tính, và máy ảnh trong một thiết kế nhỏ gọn. Với màn hình cảm ứng, khả năng kết nối Internet, và ứng dụng đa dạng, điện thoại thông minh không chỉ giúp duy trì liên lạc mà còn mang lại trải nghiệm giải trí, làm việc và học tập linh hoạt. Điều này làm cho chúng trở thành người bạn đồng hành đắc lực, thấu hiểu và đáp ứng mọi khía cạnh của cuộc sống hiện đại.', '7'),
    ('16', 'Surface Go 12.4', '1', 'images/laptops/16/text_ng_n_10__2.webp', '12990000', NULL, '10', '12', 'Thiết kế dẫn đầu xu thế..Hiệu năng cân mọi tác vụ..Camera nâng cấp bắt trọn mọi khung hình..Giải trí trọn vẹn với màn hình siêu sắc nét', '0', 'Điện thoại thông minh đã trở thành không gian cá nhân di động, một phần không thể thiếu của cuộc sống hiện đại. Những thiết bị này không chỉ đơn thuần là phương tiện truyền thông, mà còn là trung tâm đa chức năng, kết hợp giữa điện thoại, máy tính, và máy ảnh trong một thiết kế nhỏ gọn. Với màn hình cảm ứng, khả năng kết nối Internet, và ứng dụng đa dạng, điện thoại thông minh không chỉ giúp duy trì liên lạc mà còn mang lại trải nghiệm giải trí, làm việc và học tập linh hoạt. Điều này làm cho chúng trở thành người bạn đồng hành đắc lực, thấu hiểu và đáp ứng mọi khía cạnh của cuộc sống hiện đại.', '7'),
    ('17', 'MSI GP66 Leopard', '1', 'images/laptops/17/10h28.webp', '33990000', NULL, '10', '12', 'Thiết kế dẫn đầu xu thế..Hiệu năng cân mọi tác vụ..Camera nâng cấp bắt trọn mọi khung hình..Giải trí trọn vẹn với màn hình siêu sắc nét', '0', 'Điện thoại thông minh đã trở thành không gian cá nhân di động, một phần không thể thiếu của cuộc sống hiện đại. Những thiết bị này không chỉ đơn thuần là phương tiện truyền thông, mà còn là trung tâm đa chức năng, kết hợp giữa điện thoại, máy tính, và máy ảnh trong một thiết kế nhỏ gọn. Với màn hình cảm ứng, khả năng kết nối Internet, và ứng dụng đa dạng, điện thoại thông minh không chỉ giúp duy trì liên lạc mà còn mang lại trải nghiệm giải trí, làm việc và học tập linh hoạt. Điều này làm cho chúng trở thành người bạn đồng hành đắc lực, thấu hiểu và đáp ứng mọi khía cạnh của cuộc sống hiện đại.', '8'),
    ('18', 'MSI Modern 14', '1', 'images/laptops/18/text_ng_n_1__5.webp', '17490000', NULL, '10', '12', 'Thiết kế dẫn đầu xu thế..Hiệu năng cân mọi tác vụ..Camera nâng cấp bắt trọn mọi khung hình..Giải trí trọn vẹn với màn hình siêu sắc nét', '0', 'Điện thoại thông minh đã trở thành không gian cá nhân di động, một phần không thể thiếu của cuộc sống hiện đại. Những thiết bị này không chỉ đơn thuần là phương tiện truyền thông, mà còn là trung tâm đa chức năng, kết hợp giữa điện thoại, máy tính, và máy ảnh trong một thiết kế nhỏ gọn. Với màn hình cảm ứng, khả năng kết nối Internet, và ứng dụng đa dạng, điện thoại thông minh không chỉ giúp duy trì liên lạc mà còn mang lại trải nghiệm giải trí, làm việc và học tập linh hoạt. Điều này làm cho chúng trở thành người bạn đồng hành đắc lực, thấu hiểu và đáp ứng mọi khía cạnh của cuộc sống hiện đại.', '8'),
    ('19', 'Gigabyte G5', '1', 'images/laptops/19/text_ng_n_7__98.webp', '23490000', NULL, '10', '12', 'Thiết kế dẫn đầu xu thế..Hiệu năng cân mọi tác vụ..Camera nâng cấp bắt trọn mọi khung hình..Giải trí trọn vẹn với màn hình siêu sắc nét', '0', 'Điện thoại thông minh đã trở thành không gian cá nhân di động, một phần không thể thiếu của cuộc sống hiện đại. Những thiết bị này không chỉ đơn thuần là phương tiện truyền thông, mà còn là trung tâm đa chức năng, kết hợp giữa điện thoại, máy tính, và máy ảnh trong một thiết kế nhỏ gọn. Với màn hình cảm ứng, khả năng kết nối Internet, và ứng dụng đa dạng, điện thoại thông minh không chỉ giúp duy trì liên lạc mà còn mang lại trải nghiệm giải trí, làm việc và học tập linh hoạt. Điều này làm cho chúng trở thành người bạn đồng hành đắc lực, thấu hiểu và đáp ứng mọi khía cạnh của cuộc sống hiện đại.', '9'),
    ('20', 'Vaio FE 14', '1', 'images/laptops/20/text_ng_n_17__1_44.webp', '14990000', NULL, '10', '12', 'Thiết kế dẫn đầu xu thế..Hiệu năng cân mọi tác vụ..Camera nâng cấp bắt trọn mọi khung hình..Giải trí trọn vẹn với màn hình siêu sắc nét', '0', 'Điện thoại thông minh đã trở thành không gian cá nhân di động, một phần không thể thiếu của cuộc sống hiện đại. Những thiết bị này không chỉ đơn thuần là phương tiện truyền thông, mà còn là trung tâm đa chức năng, kết hợp giữa điện thoại, máy tính, và máy ảnh trong một thiết kế nhỏ gọn. Với màn hình cảm ứng, khả năng kết nối Internet, và ứng dụng đa dạng, điện thoại thông minh không chỉ giúp duy trì liên lạc mà còn mang lại trải nghiệm giải trí, làm việc và học tập linh hoạt. Điều này làm cho chúng trở thành người bạn đồng hành đắc lực, thấu hiểu và đáp ứng mọi khía cạnh của cuộc sống hiện đại.', '10'),
    ('21', 'iPhone 15 Pro Max', '1', 'images/phones/1/iphone-15-pro-max_3.webp', '33990000', NULL, '10', '12', 'Thiết kế dẫn đầu xu thế..Hiệu năng cân mọi tác vụ..Camera nâng cấp bắt trọn mọi khung hình..Giải trí trọn vẹn với màn hình siêu sắc nét', '1', 'Điện thoại thông minh đã trở thành không gian cá nhân di động, một phần không thể thiếu của cuộc sống hiện đại. Những thiết bị này không chỉ đơn thuần là phương tiện truyền thông, mà còn là trung tâm đa chức năng, kết hợp giữa điện thoại, máy tính, và máy ảnh trong một thiết kế nhỏ gọn. Với màn hình cảm ứng, khả năng kết nối Internet, và ứng dụng đa dạng, điện thoại thông minh không chỉ giúp duy trì liên lạc mà còn mang lại trải nghiệm giải trí, làm việc và học tập linh hoạt. Điều này làm cho chúng trở thành người bạn đồng hành đắc lực, thấu hiểu và đáp ứng mọi khía cạnh của cuộc sống hiện đại.', '11'),
    ('22', 'iPhone 14 Pro ', '1', 'images/phones/2/iphone-14-pro_2__4.webp', '24690000', NULL, '10', '12', 'Thiết kế dẫn đầu xu thế..Hiệu năng cân mọi tác vụ..Camera nâng cấp bắt trọn mọi khung hình..Giải trí trọn vẹn với màn hình siêu sắc nét', '1', 'Điện thoại thông minh đã trở thành không gian cá nhân di động, một phần không thể thiếu của cuộc sống hiện đại. Những thiết bị này không chỉ đơn thuần là phương tiện truyền thông, mà còn là trung tâm đa chức năng, kết hợp giữa điện thoại, máy tính, và máy ảnh trong một thiết kế nhỏ gọn. Với màn hình cảm ứng, khả năng kết nối Internet, và ứng dụng đa dạng, điện thoại thông minh không chỉ giúp duy trì liên lạc mà còn mang lại trải nghiệm giải trí, làm việc và học tập linh hoạt. Điều này làm cho chúng trở thành người bạn đồng hành đắc lực, thấu hiểu và đáp ứng mọi khía cạnh của cuộc sống hiện đại.', '11'),
    ('23', 'iPhone 14', '1', 'images/phones/3/iphone-14_1.webp', '18490000', NULL, '10', '12', 'Thiết kế dẫn đầu xu thế..Hiệu năng cân mọi tác vụ..Camera nâng cấp bắt trọn mọi khung hình..Giải trí trọn vẹn với màn hình siêu sắc nét', '1', 'Điện thoại thông minh đã trở thành không gian cá nhân di động, một phần không thể thiếu của cuộc sống hiện đại. Những thiết bị này không chỉ đơn thuần là phương tiện truyền thông, mà còn là trung tâm đa chức năng, kết hợp giữa điện thoại, máy tính, và máy ảnh trong một thiết kế nhỏ gọn. Với màn hình cảm ứng, khả năng kết nối Internet, và ứng dụng đa dạng, điện thoại thông minh không chỉ giúp duy trì liên lạc mà còn mang lại trải nghiệm giải trí, làm việc và học tập linh hoạt. Điều này làm cho chúng trở thành người bạn đồng hành đắc lực, thấu hiểu và đáp ứng mọi khía cạnh của cuộc sống hiện đại.', '11'),
    ('24', 'Samsung Galaxy S23 Ultra', '0', 'images/phones/4/samsung-galaxy-s23-ultra.webp', '22790000', NULL, '10', '12', 'Thiết kế dẫn đầu xu thế..Hiệu năng cân mọi tác vụ..Camera nâng cấp bắt trọn mọi khung hình..Giải trí trọn vẹn với màn hình siêu sắc nét', '1', 'Điện thoại thông minh đã trở thành không gian cá nhân di động, một phần không thể thiếu của cuộc sống hiện đại. Những thiết bị này không chỉ đơn thuần là phương tiện truyền thông, mà còn là trung tâm đa chức năng, kết hợp giữa điện thoại, máy tính, và máy ảnh trong một thiết kế nhỏ gọn. Với màn hình cảm ứng, khả năng kết nối Internet, và ứng dụng đa dạng, điện thoại thông minh không chỉ giúp duy trì liên lạc mà còn mang lại trải nghiệm giải trí, làm việc và học tập linh hoạt. Điều này làm cho chúng trở thành người bạn đồng hành đắc lực, thấu hiểu và đáp ứng mọi khía cạnh của cuộc sống hiện đại.', '12'),
    ('25', 'Samsung Galaxy Z Flip5', '0', 'images/phones/5/samsung-galaxy-z-flip-5-256gb_1_5.webp', '20790000', NULL, '10', '12', 'Thiết kế dẫn đầu xu thế..Hiệu năng cân mọi tác vụ..Camera nâng cấp bắt trọn mọi khung hình..Giải trí trọn vẹn với màn hình siêu sắc nét', '1', 'Điện thoại thông minh đã trở thành không gian cá nhân di động, một phần không thể thiếu của cuộc sống hiện đại. Những thiết bị này không chỉ đơn thuần là phương tiện truyền thông, mà còn là trung tâm đa chức năng, kết hợp giữa điện thoại, máy tính, và máy ảnh trong một thiết kế nhỏ gọn. Với màn hình cảm ứng, khả năng kết nối Internet, và ứng dụng đa dạng, điện thoại thông minh không chỉ giúp duy trì liên lạc mà còn mang lại trải nghiệm giải trí, làm việc và học tập linh hoạt. Điều này làm cho chúng trở thành người bạn đồng hành đắc lực, thấu hiểu và đáp ứng mọi khía cạnh của cuộc sống hiện đại.', '12'),
    ('26', 'Samsung Galaxy Z Fold5', '1', 'images/phones/6/xiaomi-redmi-note-12-8gb-128gb_1__1_2.webp', '40990000', NULL, '10', '12', 'Thiết kế dẫn đầu xu thế..Hiệu năng cân mọi tác vụ..Camera nâng cấp bắt trọn mọi khung hình..Giải trí trọn vẹn với màn hình siêu sắc nét', '1', 'Điện thoại thông minh đã trở thành không gian cá nhân di động, một phần không thể thiếu của cuộc sống hiện đại. Những thiết bị này không chỉ đơn thuần là phương tiện truyền thông, mà còn là trung tâm đa chức năng, kết hợp giữa điện thoại, máy tính, và máy ảnh trong một thiết kế nhỏ gọn. Với màn hình cảm ứng, khả năng kết nối Internet, và ứng dụng đa dạng, điện thoại thông minh không chỉ giúp duy trì liên lạc mà còn mang lại trải nghiệm giải trí, làm việc và học tập linh hoạt. Điều này làm cho chúng trở thành người bạn đồng hành đắc lực, thấu hiểu và đáp ứng mọi khía cạnh của cuộc sống hiện đại.', '12'),
    ('27', 'OPPO Find N3', '1', 'images/phones/7/samsung-galaxy-z-flip-5-256gb_1_4.webp', '44990000', NULL, '10', '12', 'Thiết kế dẫn đầu xu thế..Hiệu năng cân mọi tác vụ..Camera nâng cấp bắt trọn mọi khung hình..Giải trí trọn vẹn với màn hình siêu sắc nét', '1', 'Điện thoại thông minh đã trở thành không gian cá nhân di động, một phần không thể thiếu của cuộc sống hiện đại. Những thiết bị này không chỉ đơn thuần là phương tiện truyền thông, mà còn là trung tâm đa chức năng, kết hợp giữa điện thoại, máy tính, và máy ảnh trong một thiết kế nhỏ gọn. Với màn hình cảm ứng, khả năng kết nối Internet, và ứng dụng đa dạng, điện thoại thông minh không chỉ giúp duy trì liên lạc mà còn mang lại trải nghiệm giải trí, làm việc và học tập linh hoạt. Điều này làm cho chúng trở thành người bạn đồng hành đắc lực, thấu hiểu và đáp ứng mọi khía cạnh của cuộc sống hiện đại.', '13'),
    ('28', 'OPPO Reno7', '1', 'images/phones/8/oppo-reno-7_1.webp', '7590000', NULL, '10', '12', 'Thiết kế dẫn đầu xu thế..Hiệu năng cân mọi tác vụ..Camera nâng cấp bắt trọn mọi khung hình..Giải trí trọn vẹn với màn hình siêu sắc nét', '1', 'Điện thoại thông minh đã trở thành không gian cá nhân di động, một phần không thể thiếu của cuộc sống hiện đại. Những thiết bị này không chỉ đơn thuần là phương tiện truyền thông, mà còn là trung tâm đa chức năng, kết hợp giữa điện thoại, máy tính, và máy ảnh trong một thiết kế nhỏ gọn. Với màn hình cảm ứng, khả năng kết nối Internet, và ứng dụng đa dạng, điện thoại thông minh không chỉ giúp duy trì liên lạc mà còn mang lại trải nghiệm giải trí, làm việc và học tập linh hoạt. Điều này làm cho chúng trở thành người bạn đồng hành đắc lực, thấu hiểu và đáp ứng mọi khía cạnh của cuộc sống hiện đại.', '13'),
    ('29', 'Realme 9', '1', 'images/phones/9/9_pro_plus_1.webp', '5590000', NULL, '10', '12', 'Thiết kế dẫn đầu xu thế..Hiệu năng cân mọi tác vụ..Camera nâng cấp bắt trọn mọi khung hình..Giải trí trọn vẹn với màn hình siêu sắc nét', '1', 'Điện thoại thông minh đã trở thành không gian cá nhân di động, một phần không thể thiếu của cuộc sống hiện đại. Những thiết bị này không chỉ đơn thuần là phương tiện truyền thông, mà còn là trung tâm đa chức năng, kết hợp giữa điện thoại, máy tính, và máy ảnh trong một thiết kế nhỏ gọn. Với màn hình cảm ứng, khả năng kết nối Internet, và ứng dụng đa dạng, điện thoại thông minh không chỉ giúp duy trì liên lạc mà còn mang lại trải nghiệm giải trí, làm việc và học tập linh hoạt. Điều này làm cho chúng trở thành người bạn đồng hành đắc lực, thấu hiểu và đáp ứng mọi khía cạnh của cuộc sống hiện đại.', '14'),
    ('30', 'Realme C51', '1', 'images/phones/10/realme-c51-xanh-011_2.webp', '2790000', NULL, '10', '12', 'Thiết kế dẫn đầu xu thế..Hiệu năng cân mọi tác vụ..Camera nâng cấp bắt trọn mọi khung hình..Giải trí trọn vẹn với màn hình siêu sắc nét', '1', 'Điện thoại thông minh đã trở thành không gian cá nhân di động, một phần không thể thiếu của cuộc sống hiện đại. Những thiết bị này không chỉ đơn thuần là phương tiện truyền thông, mà còn là trung tâm đa chức năng, kết hợp giữa điện thoại, máy tính, và máy ảnh trong một thiết kế nhỏ gọn. Với màn hình cảm ứng, khả năng kết nối Internet, và ứng dụng đa dạng, điện thoại thông minh không chỉ giúp duy trì liên lạc mà còn mang lại trải nghiệm giải trí, làm việc và học tập linh hoạt. Điều này làm cho chúng trở thành người bạn đồng hành đắc lực, thấu hiểu và đáp ứng mọi khía cạnh của cuộc sống hiện đại.', '14'),
    ('31', 'OnePlus 11 5G', '1', 'images/phones/11/oneplus_11_-_black_-_rgb_1.webp', '13990000', NULL, '10', '12', 'Thiết kế dẫn đầu xu thế..Hiệu năng cân mọi tác vụ..Camera nâng cấp bắt trọn mọi khung hình..Giải trí trọn vẹn với màn hình siêu sắc nét', '1', 'Điện thoại thông minh đã trở thành không gian cá nhân di động, một phần không thể thiếu của cuộc sống hiện đại. Những thiết bị này không chỉ đơn thuần là phương tiện truyền thông, mà còn là trung tâm đa chức năng, kết hợp giữa điện thoại, máy tính, và máy ảnh trong một thiết kế nhỏ gọn. Với màn hình cảm ứng, khả năng kết nối Internet, và ứng dụng đa dạng, điện thoại thông minh không chỉ giúp duy trì liên lạc mà còn mang lại trải nghiệm giải trí, làm việc và học tập linh hoạt. Điều này làm cho chúng trở thành người bạn đồng hành đắc lực, thấu hiểu và đáp ứng mọi khía cạnh của cuộc sống hiện đại.', '15'),
    ('32', 'OnePlus Nord CE 3 Lite', '1', 'images/phones/12/edobfefy-doc-quy.webp', '5690000', NULL, '10', '12', 'Thiết kế dẫn đầu xu thế..Hiệu năng cân mọi tác vụ..Camera nâng cấp bắt trọn mọi khung hình..Giải trí trọn vẹn với màn hình siêu sắc nét', '1', 'Điện thoại thông minh đã trở thành không gian cá nhân di động, một phần không thể thiếu của cuộc sống hiện đại. Những thiết bị này không chỉ đơn thuần là phương tiện truyền thông, mà còn là trung tâm đa chức năng, kết hợp giữa điện thoại, máy tính, và máy ảnh trong một thiết kế nhỏ gọn. Với màn hình cảm ứng, khả năng kết nối Internet, và ứng dụng đa dạng, điện thoại thông minh không chỉ giúp duy trì liên lạc mà còn mang lại trải nghiệm giải trí, làm việc và học tập linh hoạt. Điều này làm cho chúng trở thành người bạn đồng hành đắc lực, thấu hiểu và đáp ứng mọi khía cạnh của cuộc sống hiện đại.', '15'),
    ('33', 'Nokia 110 4G Pro', '1', 'images/phones/13/nokia-110-4g-pro_1__1.webp', '680000', NULL, '10', '12', 'Thiết kế dẫn đầu xu thế..Hiệu năng cân mọi tác vụ..Camera nâng cấp bắt trọn mọi khung hình..Giải trí trọn vẹn với màn hình siêu sắc nét', '1', 'Điện thoại thông minh đã trở thành không gian cá nhân di động, một phần không thể thiếu của cuộc sống hiện đại. Những thiết bị này không chỉ đơn thuần là phương tiện truyền thông, mà còn là trung tâm đa chức năng, kết hợp giữa điện thoại, máy tính, và máy ảnh trong một thiết kế nhỏ gọn. Với màn hình cảm ứng, khả năng kết nối Internet, và ứng dụng đa dạng, điện thoại thông minh không chỉ giúp duy trì liên lạc mà còn mang lại trải nghiệm giải trí, làm việc và học tập linh hoạt. Điều này làm cho chúng trở thành người bạn đồng hành đắc lực, thấu hiểu và đáp ứng mọi khía cạnh của cuộc sống hiện đại.', '17'),
    ('34', 'Nokia C32', '1', 'images/phones/14/nokia-c32_1_2.webp', '2890000', NULL, '10', '12', 'Thiết kế dẫn đầu xu thế..Hiệu năng cân mọi tác vụ..Camera nâng cấp bắt trọn mọi khung hình..Giải trí trọn vẹn với màn hình siêu sắc nét', '1', 'Điện thoại thông minh đã trở thành không gian cá nhân di động, một phần không thể thiếu của cuộc sống hiện đại. Những thiết bị này không chỉ đơn thuần là phương tiện truyền thông, mà còn là trung tâm đa chức năng, kết hợp giữa điện thoại, máy tính, và máy ảnh trong một thiết kế nhỏ gọn. Với màn hình cảm ứng, khả năng kết nối Internet, và ứng dụng đa dạng, điện thoại thông minh không chỉ giúp duy trì liên lạc mà còn mang lại trải nghiệm giải trí, làm việc và học tập linh hoạt. Điều này làm cho chúng trở thành người bạn đồng hành đắc lực, thấu hiểu và đáp ứng mọi khía cạnh của cuộc sống hiện đại.', '17'),
    ('35', 'Xiaomi 13 8GB 256GB', '1', 'images/phones/15/xiaomi-13.webp', '18090000', NULL, '10', '12', 'Thiết kế dẫn đầu xu thế..Hiệu năng cân mọi tác vụ..Camera nâng cấp bắt trọn mọi khung hình..Giải trí trọn vẹn với màn hình siêu sắc nét', '1', 'Điện thoại thông minh đã trở thành không gian cá nhân di động, một phần không thể thiếu của cuộc sống hiện đại. Những thiết bị này không chỉ đơn thuần là phương tiện truyền thông, mà còn là trung tâm đa chức năng, kết hợp giữa điện thoại, máy tính, và máy ảnh trong một thiết kế nhỏ gọn. Với màn hình cảm ứng, khả năng kết nối Internet, và ứng dụng đa dạng, điện thoại thông minh không chỉ giúp duy trì liên lạc mà còn mang lại trải nghiệm giải trí, làm việc và học tập linh hoạt. Điều này làm cho chúng trở thành người bạn đồng hành đắc lực, thấu hiểu và đáp ứng mọi khía cạnh của cuộc sống hiện đại.', '18'),
    ('36', 'Xiaomi 12T 8GB 128GB', '1', 'images/phones/16/xiaomi-mi-12t.webp', '8990000', NULL, '10', '12', 'Thiết kế dẫn đầu xu thế..Hiệu năng cân mọi tác vụ..Camera nâng cấp bắt trọn mọi khung hình..Giải trí trọn vẹn với màn hình siêu sắc nét', '1', 'Điện thoại thông minh đã trở thành không gian cá nhân di động, một phần không thể thiếu của cuộc sống hiện đại. Những thiết bị này không chỉ đơn thuần là phương tiện truyền thông, mà còn là trung tâm đa chức năng, kết hợp giữa điện thoại, máy tính, và máy ảnh trong một thiết kế nhỏ gọn. Với màn hình cảm ứng, khả năng kết nối Internet, và ứng dụng đa dạng, điện thoại thông minh không chỉ giúp duy trì liên lạc mà còn mang lại trải nghiệm giải trí, làm việc và học tập linh hoạt. Điều này làm cho chúng trở thành người bạn đồng hành đắc lực, thấu hiểu và đáp ứng mọi khía cạnh của cuộc sống hiện đại.', '18');


INSERT INTO `tb__color` (`ColorID`, `Color`, `ProductID`) VALUES 
    (NULL, 'Vàng', '1'),
    (NULL, 'Xám', '1'),
    (NULL, 'Bạc', '1'),
    (NULL, 'Đen', '2'),
    (NULL, 'Xám', '2'),
    (NULL, 'Bạc', '2'),
    (NULL, 'Trắng', '2'),
    (NULL, 'Đen', '3'),
    (NULL, 'Xám', '3'),
    (NULL, 'Bạc', '3'),
    (NULL, 'Vàng', '3'),
    (NULL, 'Xám', '4'),
    (NULL, 'Bạc', '4'),
    (NULL, 'Đen', '5'),
    (NULL, 'Xám', '6'),
    (NULL, 'Đen', '7'),
    (NULL, 'Xám', '8'),
    (NULL, 'Xanh Đen', '9'),
    (NULL, 'Đen', '10'),
    (NULL, 'Vàng', '11'),
    (NULL, 'Đen', '12'),
    (NULL, 'Đen', '13'),
    (NULL, 'Đen', '14'),
    (NULL, 'Xám', '15'),
    (NULL, 'Trắng', '16'),
    (NULL, 'Đen', '17'),
    (NULL, 'Đen', '18'),
    (NULL, 'Đen', '19'),
    (NULL, 'Xanh', '20'),
    (NULL, 'Đen', '21'),
    (NULL, 'Xanh', '21'),
    (NULL, 'Trắng', '21'),
    (NULL, 'Đen', '22'),
    (NULL, 'Vàng', '22'),
    (NULL, 'Bạc', '22'),
    (NULL, 'Tím', '22'),
    (NULL, 'Trắng', '23'),
    (NULL, 'Đen', '23'),
    (NULL, 'Vàng', '23'),
    (NULL, 'Đen', '23'),
    (NULL, 'Tím', '23'),
    (NULL, 'Tím', '24'),
    (NULL, 'Trắng', '24'),
    (NULL, 'Đen', '24'),
    (NULL, 'Xanh', '24'),
    (NULL, 'Tím', '25'),
    (NULL, 'Xanh', '25'),
    (NULL, 'Kem', '25'),
    (NULL, 'Đen', '26'),
    (NULL, 'Xanh', '26'),
    (NULL, 'Kem', '26'),
    (NULL, 'Đen', '27'),
    (NULL, 'Xanh', '27'),
    (NULL, 'Đen', '28'),
    (NULL, 'Xanh', '28'),
    (NULL, 'Xanh dương', '29'),
    (NULL, 'Xanh lá', '29'),
    (NULL, 'Đen', '30'),
    (NULL, 'Xanh', '30'),
    (NULL, 'Đen', '31'),
    (NULL, 'Đen', '32'),
    (NULL, 'Xanh', '32'),    
    (NULL, 'Tím', '33'),
    (NULL, 'Xanh', '33'),    
    (NULL, 'Đen', '34'),
    (NULL, 'Xanh lá', '34'),    
    (NULL, 'Đen', '35'),
    (NULL, 'Xanh lá', '35'),    
    (NULL, 'Đen', '36'),
    (NULL, 'Bạc', '36'),    
    (NULL, 'Xanh', '36');

INSERT INTO `tb__version` (`VersionID`, `Version`, `ProductID`) VALUES 
    (NULL, '16GB - 512GB', '1'),
    (NULL, '8GB - 512GB', '1'),
    (NULL, '16GB - 512GB', '2'),
    (NULL, '24GB - 256GB', '2'),
    (NULL, '16GB - 256GB', '2'),
    (NULL, '8GB - 512GB', '3'),
    (NULL, '16GB - 512GB', '3'),
    (NULL, '16GB - 256GB', '3'),
    (NULL, '16GB - 1TB', '4'),
    (NULL, '16GB - 512GB', '4'),
    (NULL, '8GB - 512GB', '5'),
    (NULL, '16GB - 512GB', '6'),
    (NULL, '32GB - 1TB', '7'),
    (NULL, '32GB - 1TB', '8'),
    (NULL, '16GB - 512GB', '9'),
    (NULL, '4GB - 256GB', '10'),
    (NULL, '16GB - 512GB', '11'),
    (NULL, '8GB - 512GB', '12'),
    (NULL, '16GB - 512GB', '13'),
    (NULL, '8GB - 512GB', '14'),
    (NULL, '16GB - 256GB', '15'),
    (NULL, '4GB - 64GB', '16'),
    (NULL, '16GB - 512GB', '17'),
    (NULL, '8GB - 512GB', '18'),
    (NULL, '8GB - 512GB', '19'),
    (NULL, '16GB - 512GB', '19'),
    (NULL, '8GB - 512GB', '20'),
    (NULL, '1TB', '21'),
    (NULL, '512GB', '21'),
    (NULL, '256GB', '21'),
    (NULL, '1TB', '22'),
    (NULL, '512GB', '22'),
    (NULL, '256GB', '22'),
    (NULL, '128TB', '22'),
    (NULL, '512GB', '23'),
    (NULL, '256GB', '23'),
    (NULL, '128TB', '23'),
    (NULL, '12GB - 512GB', '24'),
    (NULL, '12GB - 256GB', '24'),
    (NULL, '8GB - 128TB', '24'),
    (NULL, '512GB', '25'),
    (NULL, '256GB', '25'),
    (NULL, '1TB', '26'),
    (NULL, '512GB', '26'),
    (NULL, '256GB', '26'),
    (NULL, 'Find N3', '27'),
    (NULL, 'Find N3 Flip', '27'),
    (NULL, 'Reno 7 Pro', '28'),
    (NULL, 'Reno 7 5G', '28'),
    (NULL, 'Reno 7 Z', '28'),
    (NULL, 'Rellme 9 Pro', '29'),
    (NULL, 'Rellme 9 Plus', '29'),
    (NULL, 'Rellme 9', '29'),
    (NULL, '4GB - 128GB', '30'),
    (NULL, '3GB - 64GB', '30'),
    (NULL, '16GB - 265GB', '31'),
    (NULL, '8GB - 128GB', '31'),
    (NULL, '8GB - 265GB', '32'),
    (NULL, '128MB', '33'),
    (NULL, '4GB - 128GB', '34'),
    (NULL, 'Xiaomi 13 Pro', '35'),
    (NULL, 'Xiaomi 13 Lite', '35'),
    (NULL, 'Xiaomi 13', '35'),
    (NULL, '12T Pro', '36'),
    (NULL, '12 Pro', '36'),
    (NULL, '12T', '36');

INSERT INTO `tb_specific_laptop` (`LaptopID`, `Cpu`, `Gpu`, `Ram`, `Ssd`, `Screen`, `Pin`, `Os`, `Material`, `Weight`, `ProductID`) VALUES 
    (NULL, 'Apple M1 8 lõi', 'GPU 7 nhân, 16 nhân Neural Engine', 'LPDDR4', '256GB SSD', '13.3 inches', '49.9-watt lithium-polymer, củ sạc công suất 30W', 'macOS Big Sur', 'Vỏ kim loại', '1.29 kg', '1'),
    (NULL, 'Apple M2 8 lõi', 'GPU 8 nhân, 16 nhân Neural Engine', 'LPDDR4', '256GB SSD', '13.6 inches', '452,6 Wh', 'MacOS', 'Vỏ kim loại', '1.27 kg', '2'),
    (NULL, 'Apple M2 8 lõi', 'GPU 10 nhân, 16 nhân Neural Engine', 'LPDDR4', '256GB SSD', '15.4 inches', '452,6 Wh', 'MacOS', 'Vỏ kim loại', '1.4kg', '3'),
    (NULL, 'M1 Max 10 CPU', '16 GPU', '16GB', '1TB SSD', '14.2 inches', '452,6 Wh', 'MacOS', 'Vỏ kim loại', '1.6 kg', '4'),
    (NULL, 'I5-12450H', 'Intel UHD', '8GB DDR4 3200 MHz', '512 GB SSD M.2 NVMe', '15.6 inches', '50 Wh', 'Windows 11', 'Vỏ nhựa', '2.1 kg', '5'),
    (NULL, 'I5-11320H', 'NVIDIA GeForce RTX 3050', '16GB', '512GB PCIe NVMe', '16.1 inches FullHD', '59Wh', 'Windows 11', 'Vỏ nhựa', '1.9 kg', '6'),
    (NULL, 'I9-12900H', 'RTX3070TI', 'DDR5 4800MHz', '1TB', '16 inches', '4 Cell 90WHr', 'Windows 11 Home SL', 'Vỏ kim loại', '1.9 kg', '7'),
    (NULL, 'I9-13980HX', 'RTX 4070 8GB GDDR6', '32GB', '1TB', '18 inches', '90WHrs, 4S1P, 4-cell Li-ion', 'Windows 11 Home', 'Vỏ kim loại', '3.00 kg', '8'),
    (NULL, 'I7-12700H', 'Intel Iris Xe Graphics', 'DDR5 4800 MHz', 'SSD (M2) PCI-E Gen 4.0 (4x) NVMe', '14 inches', '54 Wh Li-Po', 'Windows 11', 'Vỏ kim loại', '1.68 kg', '9'),
    (NULL, 'I5-1135G7', 'Intel UHD Graphics', 'DDR4 3200MHz , 2 khe cắm', '256GB M.2 256GB PCIe NVMe', '15.6 inches', '3 Cell, 41Whr', 'FreeOS', 'Vỏ nhụa', '1.79 kg', '10'),
    (NULL, 'I7-1355U', 'Intel Iris Xe Graphics', 'DDR4 Onboard 3200 MHz', '512 GB SSD NVMe PCIe', '14 inches', '3-cell Li-ion, 43 Wh', 'Windows 11 Home SL', 'Vỏ kim loại', '1.53 kg', '11'),
    (NULL, 'I5-12450H', 'NVIDIA GeForce GTX 1650', '8GB DDR4 3200Mhz', '512GB SSD NVMe', '15.6 inches', 'Lithium-ion, 3-cell', 'Windows 11 Home', 'Vỏ nhựa', '2.30 kg', '12'),
    (NULL, 'I5-1135G7', 'NVIDIA Quadro T500 GDDR6', '16GB DDR4-3200', '512GB SSD M.2 2280 PCIe', '14 inches', '50Wh', 'Windows 10', 'Vỏ nhựa', '1.502 kg', '13'),
    (NULL, 'R5-5500H', 'NVIDIA GeForce RTX 2050 GDDR6', '8GB DDR4-3200', '512GB SSD M.2 2242 PCIe ', '15.6 inches', '45Wh', 'Windows 11 Home', 'Vỏ nhựa', '2.25 kg', '14'),
    (NULL, 'I7-1255U', 'Intel Iris Xe', 'LPDDR5x 6400MHz', '256GB', '13 inches', 'Lithium ion 47.7 Wh', 'Windows 11 Home', 'Vỏ kim loại', '879 g', '15'),
    (NULL, 'I5-1035G1', 'Intel UHD Graphics', '4GB LPDDR4x', '64GB', '12.4 inches IPS', 'Lên đến 13 giờ', 'oWindows 10 Homes', 'Vỏ nhựa', '1,110 g', '16'),
    (NULL, 'I7-11800H', 'NVIDIA® GeForce RTX™ 3060', 'DDR4 3200MHz', '512GB SSD M.2 PCIe', '15.6 inches IPS', '4 Cell 65WHrs', 'Windows 10 Home', 'Vỏ kim loại', '2.38 kg', '17'),
    (NULL, 'I7-1255U', 'Intel Iris Xe Graphics', 'Onboard DDR4 3200MHz', 'M.2 PCIe NVMe Gen3 x4', '14 inches IPS', '39 Wh', 'Windows 11 Home', 'Vỏ nhựa', '1.4 kg', '18'),
    (NULL, 'I5-12500H', 'NVIDIA GeForce RTX 4060', 'DDR4 3200MHz', '512GB Gen 4', '15.6 inches', 'Lithium-Ion 54Wh', 'Windows 11 Home', 'Vỏ kim loại', '1.9 kg', '19'),
    (NULL, 'I5-1235U', 'Intel Iris Xe Graphics', '8GB DDR4', '512 GB', '14.1 inches', '55 Wh', 'Windows 11 Home', 'Vỏ nhựa', '1.80 kg', '20');

INSERT INTO `tb_specific_phone` (`PhoneID`, `Screen`, `Camerabf`, `Cameraat`, `Cpu`, `Ram`, `Ssd`, `Pin`, `Os`, `Material`, `Weight`, `url`, `ProductID`) VALUES 
    (NULL, '6.7 inches OLED', '12MP, ƒ/1.9', '48MP, 24 mm, ƒ/1.78', 'A17 Pro', '8 GB', '256 GB', '4422 mAh', 'iOS 17', 'Titanium', '221 g', '', '21'),
    (NULL, '6.1 inches XDR OLED', '12 MP, f/1.9, 23mm', '48 MP, f/1.8, 24mm', 'A16 Bionic 6 nhân', '6 GB', '256GB', '3200 mAh', 'iOS 16', 'Kim loại', '206g', 'url', '22'),
    (NULL, '6.1 inches OLED', '12MP, ƒ/1.9', '12MP', 'A15 Bionic 6 nhân', '6 GB', '256GB', '3,279mAh', 'iOS 16', 'Kim loại', '172 g', 'url', '23'),
    (NULL, '6.8 inches Dynamic AMOLED', '12MP F2.2 (Dual Pixel AF)', '200MP F1.7', 'Snapdragon 8 Gen 2', '8 GB', '256 GB', '5.000mAh', 'Android', 'Nhôm', '234 g', 'url', '24'),
    (NULL, '6.7 inches Dynamic AMOLED', '10MP, F2.4, 1.22μm', '12MP, F1.8', 'Snapdragon 8 Gen 2', '8GB', '256GB', '3700 mAh', 'Android', 'Kim loại', '187g', 'url', '25'),
    (NULL, '7.6 inches Dynamic AMOLED', '10 MP, f/2.2', '50MP, F1.8', 'Snapdragon 8 Gen 2', '12 GB', '512GB', '4.400 mAh', 'Android 13', 'Nhôm', '253g', 'url', '26'),
    (NULL, '7.82 inches OLED', '32MP, f/2.4', '48MP, f/1.7', 'Snapdragon 8 Gen 2 ', '16GB', '512GB', '4805 mAh', 'Android13', 'Nhôm', '245 g', 'url', '27'),
    (NULL, '6.43 inches AMOLED', '32MP f/2.4', '64 MP, f/1.7', 'MediaTek Dimensity 900', '8GB', '265GB', 'Li-Po 4500 mAh', 'Android 11', 'Nhựa', '173 g', 'url', '28'),
    (NULL, '6.4 inches Super AMOLED', '16MP, f/2.4', '50MP, f/1.8', 'MediaTek Dimensity 920 5G', '8 GB', '128 GB', '4500mAh', 'Android 12', 'Nhựa', '182g', 'url', '29'),
    (NULL, '6.74 inches IPS LCD', '5M, f/2.22', '50 MP', 'Unisoc UNISOC T612', '3 GB', '64 GB', '5000mAh', 'Android 13', 'Nhựa', '186g', 'url', '30'),
    (NULL, '6.7 inches Fluid AMOLED', '16 MP, ƒ/2.45', '50MP, Laser AF', 'Snapdragon 8 Gen 2', '8GB', '128 GB', '5000 mAh', 'Android™ 13', 'Nhôm', '205g', 'url', '31'),
    (NULL, '6.72 inches IPS LCD', '16 MP, f/2.4', '108 MP, f/1.7', 'Snapdragon 695 5G', '8 GB', '256 GB', '5,000 mAh', 'Android 13', 'Nhựa', '195 g', 'url', '32'),
    (NULL, '1.77 inches IPS LCD', 'Không có', 'QVGA', 'Unisoc T107', '48MB', 'Ssd', '1450mAh', 'S30+', 'Nhựa', '94.5g', 'url', '33'),
    (NULL, '6.5 inches IPS LCS', '8 MP', '50MP, AF', 'Unisoc SC9863A ', '4 GB', '128 GB', '5050 mAh', 'Android 13', 'Nhựa', '199.4g', 'url', '34'),
    (NULL, '6.36 inches AMOLED', '32MP, f/2.0', '50MP, f/1.8', 'Snapdragon® 8 gen 2', '8 GB', '256 GB', '4500mAh', 'MIUI 14, Android 13', 'Nhôm', '189g', 'url', '35'),
    (NULL, '6.67 inches AMOLED', '20MP', '108MP + 8MP + 2MP', 'Dimensity 8100 Ultra', '8 GB', '256 GB', '5000mAh', 'Android 12, MIUI 13', 'Kim loại', '202g', 'url', '36');

INSERT INTO `tb__images` (`ImageID`, `Images`, `ProductID`) VALUES 
    (NULL, 'images/laptops/1/mac_air_ksp.webp', '1'),
    (NULL, 'images/laptops/1/macbook-air-space-gray-select-201810.webp', '1'),
    (NULL, 'images/laptops/1/macbookm1.webp', '1'),
    (NULL, 'images/laptops/1/_0000_macbook-air-gallery1-20201110_geo_us.webp', '1'),
    (NULL, 'images/laptops/2/macbook_air_m2_2_1.webp', '2'),
    (NULL, 'images/laptops/2/6_17_6.webp', '2'),
    (NULL, 'images/laptops/2/4_33_8.webp', '2'),
    (NULL, 'images/laptops/2/2_54_9.webp', '2'),
    (NULL, 'images/laptops/3/macbook-air-15-inch-m2-2023-1.webp', '3'),
    (NULL, 'images/laptops/3/macbook-air-15-inch-m2-2023-4.webp', '3'),
    (NULL, 'images/laptops/3/macbook-air-15-inch-m2-2023-6.webp', '3'),
    (NULL, 'images/laptops/3/macbook-air-15-inch-m2-2023-8.webp', '3'),
    (NULL, 'images/laptops/4/macbook-pro-2021-001_1_1.webp', '4'),
    (NULL, 'images/laptops/4/macbook-pro-2021-003_1_1.webp', '4'),
    (NULL, 'images/laptops/4/macbook-pro-2021-004_1_1.webp', '4'),
    (NULL, 'images/laptops/4/macbook-pro-2021-005_1_1.webp', '4'),
    (NULL, 'images/laptops/5/text_ng_n_22__1_2.webp', '5'),
    (NULL, 'images/laptops/5/text_ng_n_18__1_23.webp', '5'),
    (NULL, 'images/laptops/5/text_ng_n_17__3_12.webp', '5'),
    (NULL, 'images/laptops/5/text_ng_n_12__3_16.webp', '5'),
    (NULL, 'images/laptops/6/_0002_6969_63271_laptop_acer_swift_x_s.webp', '6'),
    (NULL, 'images/laptops/6/_0001_6969_63271_laptop_acer_swift_x_s_2_.webp', '6'),
    (NULL, 'images/laptops/6/_0000_6969_63271_laptop_acer_swift_x_s_1_.webp', '6'),
    (NULL, 'images/laptops/7/laptop-asus-rog-zephyrus-m16-gu603zw-k8021w-5.webp', '7'),
    (NULL, 'images/laptops/7/laptop-asus-rog-zephyrus-m16-gu603zw-k8021w-4.webp', '7'),
    (NULL, 'images/laptops/7/laptop-asus-rog-zephyrus-m16-gu603zw-k8021w-2.webp', '7'),
    (NULL, 'images/laptops/7/laptop-asus-rog-zephyrus-m16-gu603zw-k8021w-3.webp', '7'),
    (NULL, 'images/laptops/8/text_ng_n_6__81.webp', '8'),
    (NULL, 'images/laptops/8/text_ng_n_12__1_38.webp', '8'),
    (NULL, 'images/laptops/9/text_ng_n_2__4_15.webp', '9'),
    (NULL, 'images/laptops/9/text_ng_n_4__4_14.webp', '9'),
    (NULL, 'images/laptops/10/laptop-dell-latitude-3520-70251590-1-0022.webp', '10'),
    (NULL, 'images/laptops/10/laptop-dell-latitude-3520-70251592-4.webp', '10'),
    (NULL, 'images/laptops/11/text_ng_n_4__3_45.webp', '11'),
    (NULL, 'images/laptops/11/text_ng_n_8__1_107.webp', '11'),
    (NULL, 'images/laptops/12/laptop-hp-gaming-victus-15-fa0031dx-6503849-1.webp', '12'),
    (NULL, 'images/laptops/12/laptop-hp-gaming-victus-15-fa0031dx-6503849-3.webp', '12'),
    (NULL, 'images/laptops/13/_0002_laptop_lenovo_thinkpad_p14s_g2_t_1_.webp', '13'),
    (NULL, 'images/laptops/13/_0000_laptop_lenovo_thinkpad_p14s_g2_t_3_.webp', '13'),
    (NULL, 'images/laptops/14/text_ng_n_16__2_13.webp', '14'),
    (NULL, 'images/laptops/14/text_ng_n_11__2_100.webp', '14'),
    (NULL, 'images/laptops/15/text_ng_n_3__2_7.webp', '15'),
    (NULL, 'images/laptops/15/text_ng_n_6__103.webp', '15'),
    (NULL, 'images/laptops/16/surface-laptop-go-4_4.webp', '16'),
    (NULL, 'images/laptops/16/surface-laptop-go-3_2.webp', '16'),
    (NULL, 'images/laptops/17/3_54_30.webp', '17'),
    (NULL, 'images/laptops/17/6_22_23.webp', '17'),
    (NULL, 'images/laptops/18/9_56_1_1.webp', '18'),
    (NULL, 'images/laptops/18/10_41_1_1.webp', '18'),
    (NULL, 'images/laptops/19/text_ng_n_5__2_6.webp', '19'),
    (NULL, 'images/laptops/19/text_ng_n_4__3_3.webp', '19'),
    (NULL, 'images/laptops/20/text_ng_n_15__3_38.webp', '20'),
    (NULL, 'images/laptops/20/text_ng_n_20__1_38.webp', '20'),
    (NULL, 'images/phones/1/iphone_15_pro_max_256gb_-_4.webp', '21'),
    (NULL, 'images/phones/1/iphone_15_pro_max_256gb_-_2.webp', '21'),
    (NULL, 'images/phones/2/iphone_14_pro_1tb_-_1_1_.webp', '22'),
    (NULL, 'images/phones/2/iphone-14-pro-1tb-3.webp', '22'),
    (NULL, 'images/phones/3/iphone-14-128gb-3.webp', '23'),
    (NULL, 'images/phones/3/iphone-14-128gb-1.webp', '23'),
    (NULL, 'images/phones/4/samsung_s23_ultra_-_1.webp', '24'),
    (NULL, 'images/phones/4/samsung_s23_ultra_-_3.webp', '24'),
    (NULL, 'images/phones/5/galaxy_z_flip5_-_4.webp', '25'),
    (NULL, 'images/phones/5/galaxy_z_flip5_-_1.webp', '25'),
    (NULL, 'images/phones/6/galaxy_z_fold_5_256gb_-_5.webp', '26'),
    (NULL, 'images/phones/6/galaxy_z_fold_5_256gb_-_1.webp', '26'),
    (NULL, 'images/phones/7/oppo_find_n3_fold_-_3.webp', '27'),
    (NULL, 'images/phones/7/oppo_find_n3_fold_-_1.webp', '27'),
    (NULL, 'images/phones/8/73.1.webp', '28'),
    (NULL, 'images/phones/8/73.3.webp', '28'),
    (NULL, 'images/phones/9/9_ro_plus.webp', '29'),
    (NULL, 'images/phones/10/realme_c51_-_2_2.webp', '30'),
    (NULL, 'images/phones/10/realme_c51_-_1_2.webp', '30'),
    (NULL, 'images/phones/11/oneplus11-4_1.webp', '31'),
    (NULL, 'images/phones/11/oneplus11-11_1_.webp', '31'),
    (NULL, 'images/phones/12/oneplus-nord-ce-3-lite-2.webp', '32'),
    (NULL, 'images/phones/12/oneplus-nord-ce-3-lite-6.webp', '32'),
    (NULL, 'images/phones/13/nokia-110-4g-pro_1.webp', '33'),
    (NULL, 'images/phones/14/nokia-32-1.webp', '34'),
    (NULL, 'images/phones/15/pms_1670745756.94572133.webp', '35'),
    (NULL, 'images/phones/15/m3-white-top_bottom_1.webp', '35'),
    (NULL, 'images/phones/16/12t-1.webp', '36');
    

